University,WorldRank,Country,Latitude,Longitude,,
Arizona State University,101,United States,33.424564,-111.928001,,
Baylor College of Medicine,101,United States,29.7105,-95.3965,,
University of Cambridge,3,United Kingdom,52.2043,0.1149,,
Boston College,301,United States,42.3355,-71.1685,,
Boston University,70,United States,42.3505,-71.1054,,
Brandeis University,201,United States,42.3657,-71.2586,,
University of Oxford,7,United Kingdom,0,0,,
Brigham Young University,401,United States,40.2518,-111.6493,,
Brown University,101,United States,41.8268,-71.4025,,
California Institute of Technology,9,United States,34.138,-118.125,,
Carnegie Mellon University,91,United States,40.4432,-79.9428,,
Case Western Reserve University,101,United States,41.5043,-81.6084,,
City University of New York City College,401,United States,40.82, -73.9493,,
Colorado State University,201,United States,40.5734,-105.0865,,
Columbia University,8,United States,40.8075,-73.9626,,
Cornell University,12,United States,42.4534,-76.4735,,
University College London,17,United Kingdom,0,0,,
Dartmouth College,201,United States,43.7044,-72.2887,,
Swiss Federal Institute of Technology Zurich,19,Switzerland,0,0,,
Drexel University,301,United States,39.9566,-75.1899,,
Duke University,26,United States,36.0014,-78.9382,,
The University of Tokyo,22,Japan,0,0,,
University of Toronto,23,Canada,0,0,,
Imperial College London,24,United Kingdom,0,0,,
Emory University,101,United States,33.7971,-84.3222,,
Florida International University,401,United States,29.6481,-82.3455,,
Florida State University,201,United States,30.4419,-84.2985,,
George Mason University,201,United States,38.8298,-77.3074,,
University of Copenhagen,29,Denmark,0,0,,
Georgetown University,201,United States,38.9076,-77.0723,,
Georgia Institute of Technology,79,United States,33.7756,-84.3963,,
Harvard University,1,United States,42.377,-71.1167,,
The University of Edinburgh,32,United Kingdom,0,0,,
The University of Manchester,34,United Kingdom,0,0,,
Kyoto University,35,Japan,0,0,,
Sorbonne University,36,France,0,0,,
Icahn School of Medicine at Mount Sinai,101,United States,40.7882,-73.9531,,
The University of Melbourne,38,Australia,0,0,,
Indiana University Bloomington,101,United States,39.1754,-86.5126,,
Indiana University-Purdue University at Indianapolis,301,United States,40.4237,-86.9212,,
Iowa State University,201,United States,42.0267,-93.6465,,
University of Paris-Sud (Paris 11),42,France,0,0,,
University of British Columbia,43,Canada,0,0,,
Karolinska Institute,44,Sweden,0,0,,
Tsinghua University,45,China,0,0,,
Johns Hopkins University,18,United States,39.3299,-76.6205,,
Heidelberg University,47,Germany,0,0,,
Technical University Munich,48,Germany,0,0,,
Kansas State University,401,United States,39.1974,-96.5847,,
Kent State University,401,United States,41.1456,-81.3393,,
Utrecht University,51,Netherlands,0,0,,
Louisiana State University - Baton Rouge,301,United States,30.4133,-91.18,,
University of Munich,53,Germany,0,0,,
University of Zurich,54,Switzerland,0,0,,
The University of Queensland,55,Australia,0,0,,
King's College London,56,United Kingdom,0,0,,
University of Helsinki,57,Finland,0,0,,
Peking University,57,China,0,0,,
University of Geneva,59,Switzerland,0,0,,
Massachusetts Institute of Technology,4,United States,42.3601,-71.0942,,
Ghent University,61,Belgium,0,0,,
University of Oslo,62,Norway,0,0,,
Uppsala University,63,Sweden,0,0,,
Ecole Normale Superieure - Paris,64,France,0,0,,
Aarhus University,65,Denmark,0,0,,
University of Groningen,66,Netherlands,0,0,,
Zhejiang University,67,China,0,0,,
University of Sydney,68,Australia,0,0,,
The Australian National University,69,Australia,0,0,,
Mayo Medical School,81,United States,44.0224,-92.4668,,
Medical University of South Carolina,301,United States,32.785,-79.9478,,
McGill University,70,Canada,0,0,,
Michigan State University,101,United States,42.7018,-84.4822,,
University of Bristol,74,United Kingdom,0,0,,
Leiden University,74,Netherlands,0,0,,
Mississippi State University,401,United States,33.4552,-88.7944,,
Stockholm University,77,Sweden,0,0,,
Technion-Israel Institute of Technology,77,Israel,0,0,,
Erasmus University Rotterdam,79,Netherlands,0,0,,
New York University,32,United States,40.7295,-73.9965,,
North Carolina State University - Raleigh,151,United States,35.7847,-78.6821,,
Swiss Federal Institute of Technology Lausanne,81,Switzerland,0,0,,
Nagoya University,83,Japan,35.1539,136.9682,,
Northeastern University (Boston),201,United States,42.3398,-71.0892,,
National University of Singapore,85,Singapore,0,0,,
KU Leuven,86,Belgium,0,0,,
McMaster University,86,Canada,0,0,,
Moscow State University,86,Russian Federation,0,0,,
Northwestern University,25,United States,22.7825,-89.5504,,
Oklahoma State University,401,United States,36.127,-97.0737,,
Monash University,91,Australia,0,0,,
Oregon Health and Science University,151,United States,45.4981,-122.6856,,
The University of Western Australia,93,Australia,0,0,,
Oregon State University,151,United States,44.5638,-123.2794,,
The Hebrew University of Jerusalem,95,Israel,0,0,,
University of Basel,96,Switzerland,0,0,,
Nanyang Technological University,96,Singapore,0,0,,
Pennsylvania State University - University Park,74,United States,40.798214,-77.859909,,
University of Goettingen,99,Germany,0,0,,
Princeton University,6,United States,40.3431,-74.6551,,
Purdue University - West Lafayette,70,United States,40.4237,-86.9212,,
The University of Hong Kong,101,China,0,0,,
The University of New South Wales,101,Australia,0,0,,
University of Bern,101,Switzerland,0,0,,
Rice University,70,United States,29.7174,-95.4018,,
University of Warwick,101,United Kingdom,0,0,,
Tohoku University,101,Japan,0,0,,
Rockefeller University,30,United States,40.7625,-73.9557,,
Norwegian University of Science and Technology - NTNU,101,Norway,0,0,,
University of Wageningen,101,Netherlands,0,0,,
University of Southampton,101,United Kingdom,0,0,,
King Saud University,101,Saudi Arabia,0,0,,
Seoul National University,101,"Korea, Republic of",0,0,,
Shanghai Jiao Tong University,101,China,0,0,,
University of Leeds,101,United Kingdom,0,0,,
University of Strasbourg,101,France,0,0,,
Aix Marseille University,101,France,0,0,,
Rush University,401,United States,0,0,,
University of Liverpool,101,United Kingdom,0,0,,
University of Nottingham,101,United Kingdom,0,0,,
Weizmann Institute of Science,101,Israel,0,0,,
Osaka University,101,Japan,0,0,,
University of Montreal,101,Canada,0,0,,
The University of Hong Kong,101,"Hong Kong, China",0,0,,
University of Alberta,101,Canada,0,0,,
University of Amsterdam,101,Netherlands,0,0,,
"Rutgers, The State University of New Jersey - New Brunswick",101,United States,0,0,,
University Paris Diderot - Paris 7,101,France,0,0,,
Saint Louis University,401,United States,0,0,,
University of Lausanne,101,Switzerland,0,0,,
Cardiff University,101,United Kingdom,0,0,,
Stanford University,2,United States,0,0,,
King Abdulaziz University,101,Saudi Arabia,0,0,,
The University of Adelaide,101,Australia,0,0,,
Sun Yat-sen University,101,"Taiwan, China",0,0,,
University of Science and Technology of China,101,China,0,0,,
Radboud University Nijmegen,101,Netherlands,0,0,,
University of Frankfurt,101,Germany,0,0,,
University of Freiburg,101,Germany,0,0,,
University of Birmingham,101,United Kingdom,0,0,,
Stony Brook University,301,United States,0,0,,
Fudan University,101,China,0,0,,
University of Bonn,101,Germany,0,0,,
Temple University,301,United States,0,0,,
Texas A&M University,151,United States,0,0,,
The University of Sheffield,101,United Kingdom,0,0,,
University of Gothenburg,101,Sweden,0,0,,
Texas Tech University,401,United States,0,0,,
VU University Amsterdam,101,Netherlands,0,0,,
Lund University,101,Sweden,0,0,,
The George Washington University,201,United States,0,0,,
Tel Aviv University,151,Israel,0,0,,
Catholic University of Louvain,151,Belgium,0,0,,
TU Dresden,151,Germany,0,0,,
The Ohio State University - Columbus,94,United States,0,0,,
The University of Calgary,151,Canada,0,0,,
University of Cologne,151,Germany,0,0,,
Delft University of Technology,151,Netherlands,0,0,,
Hokkaido University,151,Japan,0,0,,
University of Ottawa,151,Canada,0,0,,
University of Muenster,151,Germany,0,0,,
Xian Jiaotong University,151,China,0,0,,
The University of Georgia,201,United States,0,0,,
The University of New Mexico - Albuquerque,301,United States,0,0,,
Sungkyunkwan University,151,"Korea, Republic of",0,0,,
The University of Glasgow,151,United Kingdom,0,0,,
The University of Texas at Austin,40,United States,0,0,,
The University of Texas at Dallas,301,United States,0,0,,
The Chinese University of Hong Kong,151,"Hong Kong, China",0,0,,
Université libre de Bruxelles (ULB),151,Belgium,0,0,,
University of Lisbon,151,Portugal,0,0,,
Queen Mary University of London,151,United Kingdom,0,0,,
Trinity College Dublin,151,Ireland,0,0,,
The University of Texas Health Science Center at Houston,301,United States,0,0,,
University of Wuerzburg,151,Germany,0,0,,
The University of Texas Health Science Center at San Antonio,301,United States,0,0,,
Harbin Institute of Technology,151,China,0,0,,
Huazhong University of Science and Technology,151,China,0,0,,
Université Grenoble Alpes,151,France,0,0,,
University of Tuebingen,151,Germany,0,0,,
Nanjing University,151,China,0,0,,
Sichuan University,151,China,0,0,,
University of Exeter,151,United Kingdom,0,0,,
University of Leipzig,151,Germany,0,0,,
Technical University of Denmark,151,Denmark,0,0,,
The University of Texas M. D. Anderson Cancer Center,100,United States,0,0,,
London School of Hygiene & Tropical Medicine,151,United Kingdom,0,0,,
University of Hamburg,151,Germany,0,0,,
Tokyo Institute of Technology,151,Japan,0,0,,
University of Vienna,151,Austria,0,0,,
Curtin University,151,Australia,0,0,,
University of Barcelona,151,Spain,0,0,,
The University of Texas Medical Branch at Galveston,401,United States,0,0,,
University of Waterloo,151,Canada,0,0,,
National Taiwan University,151,"Taiwan, China",0,0,,
The University of Texas Southwestern Medical Center at Dallas,48,United States,0,0,,
The Chinese University of Hong Kong,151,China,0,0,,
Thomas Jefferson University,401,United States,0,0,,
University of Milan,151,Italy,0,0,,
University of Sao Paulo,151,Brazil,0,0,,
University of Paris Descartes (Paris 5),151,France,0,0,,
Deakin University,201,Australia,0,0,,
University of Innsbruck,201,Austria,0,0,,
University of Lorraine,201,France,0,0,,
Tufts University,151,United States,0,0,,
Queen's University,201,Canada,0,0,,
University at Albany (State University of New York),401,United States,0,0,,
Kyushu University,201,Japan,0,0,,
"University at Buffalo, the State University of New York",301,United States,0,0,,
University of Bergen,201,Norway,0,0,,
University of Mainz,201,Germany,0,0,,
City University of Hong Kong,201,China,0,0,,
James Cook University,201,Australia,0,0,,
Macquarie University,201,Australia,0,0,,
University of Alabama at Birmingham,201,United States,0,0,,
University of Arizona,101,United States,0,0,,
Claude Bernard University Lyon 1,201,France,0,0,,
"University of California, Berkeley",5,United States,0,0,,
Newcastle University,201,United Kingdom,0,0,,
The Hong Kong University of Science and Technology,201,China,0,0,,
Wuhan University,201,China,0,0,,
Pompeu Fabra University,201,Spain,0,0,,
"University of California, Davis",96,United States,0,0,,
Korea Advanced Institute of Science and Technology,201,"Korea, Republic of",0,0,,
University of Bologna,201,Italy,0,0,,
KTH Royal Institute of Technology,201,Sweden,0,0,,
The University of Auckland,201,New Zealand,0,0,,
University of Leicester,201,United Kingdom,0,0,,
"University of California, Irvine",83,United States,0,0,,
China Medical University (Taichung),201,China,0,0,,
"University of California, Los Angeles",11,United States,0,0,,
University of the Witwatersrand,201,South Africa,0,0,,
Beijing Normal University,201,China,0,0,,
Central South University,201,China,0,0,,
Laval University,201,Canada,0,0,,
Sapienza University of Rome,201,Italy,0,0,,
South China University of Technology,201,China,0,0,,
University of Aberdeen,201,United Kingdom,0,0,,
University of Tsukuba,201,Japan,0,0,,
King Abdullah University of Science and Technology,201,Saudi Arabia,0,0,,
Chalmers University of Technology,201,Sweden,0,0,,
"University of California, Riverside",151,United States,0,0,,
Jilin University,201,China,0,0,,
Queensland University of Technology,201,Australia,0,0,,
"University of California, San Diego",15,United States,0,0,,
"University of California, San Francisco",21,United States,0,0,,
University of Granada,201,Spain,0,0,,
University of Naples Federico II,201,Italy,0,0,,
Charles University in Prague,201,Czech Republic,0,0,,
Queen's University,201,United Kingdom,0,0,,
"University of California, Santa Barbara",46,United States,0,0,,
The Hong Kong Polytechnic University,201,China,0,0,,
The Hong Kong University of Science and Technology,201,"Hong Kong, China",0,0,,
"University of California, Santa Cruz",101,United States,0,0,,
University of Kiel,201,Germany,0,0,,
Dalian University of Technology,201,China,0,0,,
Swedish University of Agricultural Sciences,201,Sweden,0,0,,
The University of Reading,201,United Kingdom,0,0,,
University of Central Florida,301,United States,0,0,,
University of Montpellier,201,France,0,0,,
Soochow University (China),201,China,0,0,,
University of Tasmania,201,Australia,0,0,,
University of Turin,201,Italy,0,0,,
University of Chicago,10,United States,0,0,,
Polytechnic Institute of Milan,201,Italy,0,0,,
University of Ulm,201,Germany,0,0,,
University of Cincinnati,301,United States,0,0,,
Medical University of Vienna,201,Austria,0,0,,
RWTH Aachen University,201,Germany,0,0,,
University of Wollongong,201,Australia,0,0,,
Paul Sabatier University (Toulouse 3),201,France,0,0,,
University of Colorado at Boulder,38,United States,0,0,,
University of Colorado at Denver,201,United States,0,0,,
Maastricht University,201,Netherlands,0,0,,
Southeast University,201,China,0,0,,
University of Antwerp,201,Belgium,0,0,,
Beihang University,201,China,0,0,,
University of Connecticut,301,United States,0,0,,
University of Delaware,201,United States,0,0,,
University of East Anglia,201,United Kingdom,0,0,,
University of Florida,86,United States,0,0,,
University of Hawaii at Manoa,201,United States,0,0,,
Tianjin University,201,China,0,0,,
University of Bordeaux,201,France,0,0,,
University of Houston,201,United States,0,0,,
University of Electronic Science and Technology of China,201,China,0,0,,
University of Illinois at Chicago,201,United States,0,0,,
University of Buenos Aires,201,Argentina,0,0,,
University of Erlangen-Nuremberg,201,Germany,0,0,,
University of Padua,201,Italy,0,0,,
The Hong Kong Polytechnic University,201,"Hong Kong, China",0,0,,
University of Sussex,201,United Kingdom,0,0,,
Aalborg University,201,Denmark,0,0,,
City University of Hong Kong,201,"Hong Kong, China",0,0,,
Korea University,201,"Korea, Republic of",0,0,,
National Autonomous University of Mexico,201,Mexico,0,0,,
University of Pisa,201,Italy,0,0,,
Vrije Universiteit Brussel (VUB),201,Belgium,0,0,,
University of Illinois at Urbana-Champaign,41,United States,0,0,,
Western University,201,Canada,0,0,,
Complutense University of Madrid,201,Spain,0,0,,
Durham University,201,United Kingdom,0,0,,
Hanyang University,201,"Korea, Republic of",0,0,,
Karlsruhe Institute of Technology (KIT),201,Germany,0,0,,
Paris Dauphine University (Paris 9),301,France,0,0,,
Autonomous University of Barcelona,301,Spain,0,0,,
University of Iowa,151,United States,0,0,,
Shandong University,301,China,0,0,,
University of Bochum,301,Germany,0,0,,
University of Kansas,201,United States,0,0,,
University of the Basque Country,301,Spain,0,0,,
ESPCI ParisTech,301,France,0,0,,
Griffith University,301,Australia,0,0,,
Lanzhou University,301,China,0,0,,
University of Kentucky,301,United States,0,0,,
University of Fribourg,301,Switzerland,0,0,,
University of Otago,301,New Zealand,0,0,,
University of Maine,401,United States,0,0,,
University College Dublin,301,Ireland,0,0,,
University of Guelph,301,Canada,0,0,,
University of St Andrews,301,United Kingdom,0,0,,
Wuhan University of Technology,301,China,0,0,,
Eindhoven University of Technology,301,Netherlands,0,0,,
Nanjing Agricultural University,301,China,0,0,,
University of Campinas,301,Brazil,0,0,,
National and Kapodistrian University of Athens,301,Greece,0,0,,
"University of Maryland, Baltimore",201,United States,0,0,,
University of Belgrade,301,Serbia,0,0,,
"University of Maryland, College Park",51,United States,0,0,,
University of Massachusetts Amherst,151,United States,0,0,,
University of Pavia,301,Italy,0,0,,
University of Surrey,301,United Kingdom,0,0,,
University of York,301,United Kingdom,0,0,,
University of Massachusetts Medical School - Worcester,151,United States,0,0,,
University of Miami,201,United States,0,0,,
University of Chile,301,Chile,0,0,,
University of Michigan-Ann Arbor,27,United States,0,0,,
Aalto University,301,Finland,0,0,,
"University of Minnesota, Twin Cities",37,United States,0,0,,
Nankai University,301,China,0,0,,
University of Technology Sydney,301,Australia,0,0,,
"The University of Newcastle, Australia",301,Australia,0,0,,
Tongji University,301,China,0,0,,
University of Duesseldorf,301,Germany,0,0,,
RMIT University,301,Australia,0,0,,
Yonsei University,301,"Korea, Republic of",0,0,,
China Agricultural University,301,China,0,0,,
University of Missouri - Columbia,201,United States,0,0,,
University of Montana - Missoula,401,United States,0,0,,
University of Duisburg-Essen,301,Germany,0,0,,
University of Southern Denmark,301,Denmark,0,0,,
Ecole Normale Superieure - Lyon,301,France,0,0,,
Ulsan National Institute of Science and Technology,301,"Korea, Republic of",0,0,,
University of Manitoba,301,Canada,0,0,,
University of Tartu,301,Estonia,0,0,,
University of Victoria,301,Canada,0,0,,
Simon Fraser University,301,Canada,0,0,,
University of Nebraska - Lincoln,201,United States,0,0,,
University of Porto,301,Portugal,0,0,,
Vienna University of Technology,301,Austria,0,0,,
Nanjing University of Science and Technology,301,China,0,0,,
Northwestern Polytechnical University,301,China,0,0,,
University of Turku,301,Finland,0,0,,
East China University of Science and Technology,301,China,0,0,,
Hannover Medical School,301,Germany,0,0,,
Keio University,301,Japan,0,0,,
Swinburne University of Technology,301,Australia,0,0,,
University of New Hampshire - Durham,401,United States,0,0,,
Okayama University,301,Japan,0,0,,
University of Jena,301,Germany,0,0,,
University of North Carolina at Chapel Hill,30,United States,0,0,,
Victoria University of Wellington,301,New Zealand,0,0,,
University of Cape Town,301,South Africa,0,0,,
University of Duisburg-Essen,301,Finland,0,0,,
University of North Texas,301,United States,0,0,,
Chiba University,301,Japan,0,0,,
Linkoping University,301,Sweden,0,0,,
University of Notre Dame,201,United States,0,0,,
Queen's University Belfast,301,United Kingdom,0,0,,
UNESP,301,Brazil,0,0,,
University of Warsaw,301,Poland,0,0,,
University of Oklahoma - Norman,401,United States,0,0,,
Autonomous University of Madrid,301,Spain,0,0,,
Federal University of Rio de Janeiro,301,Brazil,0,0,,
Kyung Hee University,301,"Korea, Republic of",0,0,,
La Trobe University,301,Australia,0,0,,
National Cheng Kung University,301,"Taiwan, China",0,0,,
Saint Petersburg State University,301,Russian Federation,0,0,,
University of Oregon,301,United States,0,0,,
University of Pennsylvania,16,United States,0,0,,
University of Saskatchewan,301,Canada,0,0,,
University of Tehran,301,"Iran, Islamic Rep. of",0,0,,
"University of Pittsburgh, Pittsburgh Campus",90,United States,0,0,,
The University of Dundee,301,United Kingdom,0,0,,
University of Malaya,301,Malaysia,0,0,,
Hunan University,301,China,0,0,,
Technical University of Berlin,301,Germany,0,0,,
University of Stuttgart,301,Germany,0,0,,
King Fahd University of Petroleum & Minerals,301,Saudi Arabia,0,0,,
University of Liege,301,Belgium,0,0,,
Xiamen University,301,China,0,0,,
Dalhousie University,301,Canada,0,0,,
Lancaster University,301,United Kingdom,0,0,,
University of Florence,301,Italy,0,0,,
University of Marburg,301,Germany,0,0,,
Beijing University of Chemical Technology,401,China,0,0,,
University of Western Sydney,401,Australia,0,0,,
Vita-Salute San Raffaele University,401,Italy,0,0,,
University of Rochester,151,United States,0,0,,
Federal University of Minas Gerais,401,Brazil,0,0,,
Umea University,401,Sweden,0,0,,
University of Ferrara,401,Italy,0,0,,
University of Milan - Bicocca,401,Italy,0,0,,
"University of Science, Malaysia",401,Malaysia,0,0,,
University of Valencia,401,Spain,0,0,,
National Tsing Hua University,401,"Taiwan, China",0,0,,
University of South Carolina - Columbia,301,United States,0,0,,
University of South Florida,201,United States,0,0,,
University of Graz,401,Austria,0,0,,
University of Rostock,401,Germany,0,0,,
Jagiellonian University,401,Poland,0,0,,
Cairo University,401,Egypt,0,0,,
Heriot-Watt University,401,United Kingdom,0,0,,
University of Southern California,60,United States,0,0,,
Technical University Darmstadt,401,Germany,0,0,,
University of Aveiro,401,Portugal,0,0,,
Chongqing University,401,China,0,0,,
MINES ParisTech,401,France,0,0,,
Peking Union Medical College,401,China,0,0,,
Pohang University of Science and Technology,401,"Korea, Republic of",0,0,,
University of Tennessee - Knoxville,201,United States,0,0,,
Waseda University,401,Japan,0,0,,
Beijing Institute of Technology,401,China,0,0,,
Stellenbosch University,401,South Africa,0,0,,
Capital Medical University,401,China,0,0,,
East China Normal University,401,China,0,0,,
Istanbul University,401,Turkey,0,0,,
Shanghai University,401,China,0,0,,
Bielefeld University,401,Germany,0,0,,
University of Ljubljana,401,Slovenia,0,0,,
Huazhong Agricultural University,401,China,0,0,,
Novosibirsk State University,401,Russian Federation,0,0,,
Aristotle University of Thessaloniki,401,Greece,0,0,,
Federal University of Rio Grande do Sul,401,Brazil,0,0,,
Kobe University,401,Japan,0,0,,
University of Canterbury,401,New Zealand,0,0,,
University of Palermo,401,Italy,0,0,,
"National University of Ireland, Galway",401,Ireland,0,0,,
Northeastern University (Shenyang),401,China,0,0,,
University of Utah,101,United States,0,0,,
University of Vermont,301,United States,0,0,,
University of Virginia,151,United States,0,0,,
NanJing Tech University,401,China,0,0,,
University of Halle-Wittenberg,401,Germany,0,0,,
University of Washington,14,United States,0,0,,
University of Wisconsin - Madison,28,United States,0,0,,
University of Wisconsin-Milwaukee,401,United States,0,0,,
University of Kent,401,United Kingdom,0,0,,
University of Parma,401,Italy,0,0,,
Flinders University,401,Australia,0,0,,
University of Wyoming,401,United States,0,0,,
Medical University of Innsbruck,401,Austria,0,0,,
Nanjing University of Aeronautics and Astronautics,401,China,0,0,,
University of Minho,401,Portugal,0,0,,
University of Santiago Compostela,401,Spain,0,0,,
Brunel University,401,United Kingdom,0,0,,
Utah State University,401,United States,0,0,,
Vanderbilt University,50,United States,0,0,,
Indian Institute of Science,401,India,0,0,,
University College Cork,401,Ireland,0,0,,
Virginia Commonwealth University,201,United States,0,0,,
University of Science and Technology Beijing,401,China,0,0,,
Nanjing Medical University,401,China,0,0,,
St George's Hospital Medical School,401,United Kingdom,0,0,,
University of Bayreuth,401,Germany,0,0,,
Amirkabir University of Technology,401,"Iran, Islamic Rep. of",0,0,,
Catholic University of Chile,401,Chile,0,0,,
University of Bath,401,United Kingdom,0,0,,
Virginia Polytechnic Institute and State University,201,United States,0,0,,
Harbin Engineering University,401,China,0,0,,
Moscow Institute of Physics and Technology,401,Russian Federation,0,0,,
University of Bremen,401,Germany,0,0,,
University of Hannover,401,Germany,0,0,,
University of Pretoria,401,South Africa,0,0,,
Bar-Ilan University,401,Israel,0,0,,
Ben-Gurion University of the Negev,401,Israel,0,0,,
Kaohsiung Medical University,401,China,0,0,,
Nanjing University of Information Science & Technology,401,China,0,0,,
Washington State University,301,United States,0,0,,
University of Ulsan,401,"Korea, Republic of",0,0,,
Washington University in St. Louis,20,United States,0,0,,
Wayne State University,401,United States,0,0,,
University of Eastern Finland,401,Finland,0,0,,
Ecole Polytechnique,401,France,0,0,,
West Virginia University,401,United States,0,0,,
The University of Tokushima,401,Japan,0,0,,
Tokyo University of Science,401,Japan,0,0,,
Chang Gung University,401,China,0,0,,
China University of Geosciences (Wuhan),401,China,0,0,,
National Technical University of Athens,401,Greece,0,0,,
Polytechnic University of Valencia,401,Spain,0,0,,
Yale University,12,United States,0,0,,
University of Konstanz,401,Germany,0,0,,
Yeshiva University,301,United States,0,0,,
